feature1,feature2,feature3,label,predicted_probability,predicted_label
0.384065449,8.499167808,0,0,0.42,0
-0.219100529,4.899590766,1,0,0.04,0
-1.525525171,5.170418899,0,0,0.32,0
0.640842861,2.516478849,1,0,0.22,0
0.562969237,3.775526531,0,0,0.28,0
1.876795813,4.630949285,1,0,0.06,0
0.331980331,11.48618594,0,1,0.94,1
-1.645398747,3.610799262,0,1,0.86,1
-0.309209077,5.632716643,0,1,0.62,0
0.289168644,3.822266347,0,0,0.32,0
1.523029856,4.384076941,1,1,0.8,0
-1.836205373,4.339759812,0,0,0.04,0
0.633776881,7.741072288,0,0,0.16,0
0.75750771,5.075875671,1,0,0.14,0
0.595157025,6.557873007,0,1,0.82,0
-0.234136957,5.426587415,0,0,0.06,0
0.68626019,6.488383943,1,1,0.74,0
1.471170327,1.634682612,0,1,0.84,0
-0.203045386,3.870451992,0,0,0.12,0
-0.715303709,1.266920097,1,1,0.82,0
0.196861236,1.46184819,1,0,0.26,0
0.529804178,4.565965899,0,0,0.26,0
0.504987279,8.952881169,1,0,0.22,0
1.206508967,4.425104961,0,0,0.22,0
0.453534302,7.989876455,1,1,0.74,0
1.238283071,4.224600167,1,0,0.24,0
-1.09096643,5.279774466,1,0,0.06,0
-1.122722022,7.953868852,0,0,0.16,0
1.528468426,2.414749306,0,0,0.32,0
-0.353166293,3.348692634,1,1,0.66,0
1.133770097,7.581288922,1,1,0.88,1
-0.546858941,3.209860315,1,1,0.88,1
-1.243863235,7.366987334,0,1,0.92,1
1.305478807,6.331848504,0,1,0.92,1
1.159329803,4.511839053,0,0,0.12,0
-0.003374457,5.102395804,1,1,0.8,0
0.64537595,1.937784995,1,0,0.2,0
1.037539944,6.696861764,0,1,0.86,1
0.645215586,6.537679352,1,0,0.4,0
1.882024496,5.167653256,0,0,0.12,0
0.75892859,3.108507879,0,1,0.64,0
-0.03850847,5.448432809,1,0,0.34,0
-1.077744778,3.799152869,0,1,0.58,0
-0.057618797,3.488417,1,1,0.78,0
1.218761852,1.908540427,0,0,0.32,0
-1.311836232,5.832892076,1,0,0.22,0
-0.072010122,0.122365683,0,0,0.08,0
-0.544382725,-1.039024312,0,0,0.1,0
0.259882794,4.553595491,1,0,0.3,0
-0.860413365,6.951633439,1,1,0.8,0
-0.439731058,3.728884317,0,1,0.76,0
1.669904504,4.176353262,1,0,0.32,0
-0.501757044,2.558575148,1,0,0.04,0
1.317115067,4.279921462,0,1,0.86,1
0.428307097,2.7719071,1,0,0.16,0
-1.803139676,3.214424969,0,1,0.84,0
-0.719153319,4.752542107,1,1,0.74,0
-1.615131816,3.336090165,1,1,0.92,1
-0.173071824,5.864525901,0,0,0.14,0
-0.108760148,1.955281628,1,1,0.72,0
-1.563190809,5.222745204,0,1,0.7,0
-1.662491988,3.543076757,0,1,0.86,1
0.038003478,5.38084778,0,1,0.9,1
-0.257376537,0.023345293,1,0,0.14,0
-0.755745159,2.948494633,0,0,0.24,0
-2.591042292,4.668737179,1,0,0.2,0
-0.223465982,6.716028391,1,0,0.24,0
0.106430228,2.265724387,1,1,0.72,0
0.690143992,3.741473213,0,0,0.16,0
-0.29900735,7.407768874,1,0,0.22,0
0.375698018,7.477892706,0,0,0.1,0
-0.248691126,6.147488842,1,0,0.24,0
-1.804882101,5.965375774,1,1,0.68,0
-0.612437375,3.059751479,0,1,0.76,0
0.931280119,3.361484281,1,0,0.24,0
-1.2899609,2.934952193,0,0,0.06,0
0.747293605,4.232057456,1,1,0.86,1
-0.363612212,3.815288089,0,0,0.12,0
1.593186627,5.819525592,1,0,0.24,0
0.767434729,3.365822738,1,0,0.14,0
-0.462275289,2.991890806,1,0,0.1,0
1.380091354,7.394493847,1,1,0.58,0
-0.825497197,6.001331443,1,0,0.18,0
1.057122226,4.981399358,0,0,0.08,0
-1.601965812,6.646559831,1,0,0.28,0
1.886185901,3.198758531,0,1,0.98,1
-0.213447152,4.21597472,0,0,0.12,0
0.850221742,4.502942764,0,0,0.04,0
-0.661786465,4.185927374,1,1,0.84,0
0.651391251,4.095819334,0,1,0.94,1
-1.320022511,5.943084761,0,0,0.1,0
0.59740007,5.946943798,1,0,0.16,0
-1.276748576,3.146603382,0,0,0.06,0
0.176441555,3.608610246,0,0,0.18,0
-1.015821819,8.840735004,0,1,0.82,0
-0.366824412,6.74463076,0,1,0.74,0
0.570598669,4.372940628,1,0,0.2,0
0.04557184,1.059792365,1,1,0.78,0
-0.245743064,2.820733925,1,1,0.62,0
0.955305209,4.877992056,1,1,0.8,0
-1.2110162,3.162626977,0,0,0.06,0
-0.391648567,7.460444351,0,0,0.14,0
1.355637859,2.620666682,1,1,0.94,1
0.59992873,6.669502653,0,0,0.32,0
0.996266819,3.533934009,0,0,0.24,0
0.536509844,7.201642797,1,0,0.08,0
-0.479174238,6.701795924,1,1,0.78,0
-0.920673593,7.345513691,0,1,0.88,1
-0.702053094,6.244414288,0,1,0.88,1
-0.254977217,6.696348425,1,0,0.3,0
0.113517345,1.548386542,0,1,0.78,0
0.495681888,2.581046129,0,1,0.68,0
-0.827230944,5.817305623,0,0,0.22,0
-0.064138347,5.145361049,0,1,0.98,1
0.853415559,4.168066144,0,0,0.14,0
2.45530014,3.325475138,1,1,0.74,0
0.582097703,0.013458359,1,1,0.52,0
-1.918771215,3.911771996,0,0,0.26,0
-0.115648282,3.951823204,0,0,0.18,0
2.190455626,6.09423823,1,1,0.62,0
-1.377669368,3.087127246,1,1,0.94,1
-0.676922,3.683767022,0,1,0.72,0
-0.796895255,5.865919651,0,1,0.76,0
0.361636025,7.845496272,1,1,0.84,0
-0.104449219,3.570638646,0,0,0.14,0
0.3017919,7.933081719,1,0,0.2,0
0.482472415,7.745696949,0,0,0.14,0
-0.322061516,8.098040303,1,1,0.68,0
-0.816935671,5.574657809,0,0,0.12,0
-0.039555154,6.146255626,0,0,0.22,0
-1.062303714,6.345722472,0,0,0.14,0
-0.219671888,5.001055918,0,1,0.94,1
0.725095787,6.106298313,0,0,0.14,0
-0.027514905,5.661702609,1,1,0.82,0
-1.129706855,2.482990179,1,1,0.7,0
0.840620027,4.715706926,0,0,0.04,0
-0.047711356,5.577447326,0,1,0.82,0
0.412780927,2.969811616,0,0,0.2,0
1.76545424,4.621759218,1,0,0.1,0
0.366598246,5.588448258,0,0,0.2,0
-0.082680686,5.869540129,0,0,0.16,0
-0.552223044,7.359450417,1,0,0.24,0
-0.692905198,2.643918265,0,1,0.8,0
0.261055272,2.856285534,1,1,0.7,0
0.194736195,5.173395399,0,1,0.7,0
0.982690984,5.684675669,1,1,0.96,1
-1.209641019,5.29617884,1,0,0.1,0
-0.342714517,3.260673837,1,0,0.24,0
1.502357052,5.450615844,1,1,0.9,1
-2.619745104,3.764696209,0,0,0.14,0
0.115026079,4.175172364,1,0,0.3,0
-0.803674568,2.439088858,0,1,0.78,0
-0.446433615,5.196135079,1,1,0.72,0
-0.120381164,2.368368367,1,0,0.28,0
-0.238932099,7.058914963,0,0,0.14,0
0.113270411,2.254281097,1,0,0.26,0
2.560084538,6.790710862,0,1,0.9,1
0.026885839,9.823353351,0,0,0.16,0
0.950423838,6.780396822,0,1,0.9,1
0.633919022,6.461528238,0,1,0.8,0
0.696387447,5.645949007,0,1,0.68,0
-1.430141378,5.639303652,1,1,0.94,1
-0.22463315,6.787395379,1,1,0.76,0
-1.168678038,3.011301251,1,0,0.34,0
0.122670316,3.440294108,1,0,0.3,0
-0.371440866,3.922316288,1,0,0.12,0
0.404981711,6.843300224,0,1,0.76,0
0.240753179,4.744690637,0,0,0.16,0
0.351448208,0.869833907,1,0,0.02,0
-0.392108153,7.078223575,1,1,0.72,0
-1.057710929,6.010940318,0,0,0.14,0
-0.850520454,7.047061288,1,0,0.32,0
-0.504774921,6.180844123,0,1,0.78,0
-0.513866917,3.432468669,0,1,0.72,0
0.114227649,6.251016034,1,1,0.86,1
0.895038314,6.621597291,0,1,0.84,0
0.630811685,5.848787876,0,1,0.8,0
0.496714153,3.64964345,1,1,0.72,0
-0.209323677,2.951942818,0,0,0.12,0
-2.896255378,6.711111318,0,0,0.28,0
-0.623768961,5.901206826,0,1,0.7,0
0.043811472,3.306298068,0,1,0.74,0
1.477894045,2.112290368,1,1,0.98,1
-1.103366606,3.744532188,1,0,0.16,0
-1.110575845,5.699300095,1,1,0.72,0
-1.97929981,8.71100663,1,1,0.76,0
0.652322878,7.31814813,1,1,0.72,0
0.707751935,4.588281138,1,0,0.06,0
0.377100394,6.075259806,0,0,0.2,0
0.133540905,3.276593859,1,1,0.82,0
0.200569197,9.249542806,1,0,0.3,0
-1.525656315,3.150871771,1,1,0.9,1
-0.450065471,8.346904181,0,1,0.7,0
0.808057798,7.13954291,0,0,0.12,0
0.267392314,2.693298979,1,0,0.26,0
0.160573981,6.412157828,0,1,0.92,1
-0.161285712,2.621176214,0,0,0.04,0
0.710959968,6.51357736,0,1,0.78,0
-0.898467982,7.12274193,1,1,0.88,1
1.579572146,7.493783431,0,1,0.88,1
-1.106334974,5.7809297,1,0,0.22,0
-0.637387127,2.790274414,1,0,0.06,0
0.75915516,5.154312992,1,0,0.14,0
-1.612715871,4.637551654,1,1,0.84,0
0.781822872,7.979726877,0,1,0.86,1
-0.259042146,1.097796272,0,1,0.62,0
0.959270826,6.003565472,1,1,0.78,0
0.538296079,3.785291134,1,0,0.3,0
-0.150055587,4.8018114,0,0,0.08,0
-1.090399077,2.647653327,1,0,0.48,0
1.542109953,6.022999151,1,0,0.12,0
1.374876419,3.561781097,0,1,0.72,0
1.091310121,4.568664725,0,0,0.06,0
0.542560044,6.875140275,0,0,0.28,0
-1.059213522,3.618917895,1,1,0.72,0
-2.081929408,4.297171529,1,1,0.7,0
-0.484234073,5.727263765,1,1,0.74,0
-0.489439443,3.786269644,0,0,0.2,0
-0.576903656,7.070498669,0,1,0.96,1
0.645484181,4.099974284,1,1,0.78,0
1.195046629,5.183504969,0,0,0.22,0
1.109699842,3.326158592,0,1,0.92,1
-0.088282048,2.858295163,1,0,0.28,0
1.964725133,5.151910536,1,0,0.1,0
1.236093175,6.292979075,0,1,0.94,1
1.314914454,4.955442042,1,0,0.08,0
0.594754342,4.80675266,0,1,0.94,1
0.56976728,7.271240294,1,0,0.08,0
1.90941664,6.936369321,0,1,0.82,0
1.014370065,6.707951953,0,1,0.86,1
0.427194362,2.133696371,0,1,0.92,1
0.658544273,6.069634673,1,1,0.74,0
-0.978372778,8.370028557,0,1,0.82,0
-0.57689187,5.109868222,1,1,0.88,1
-0.429405541,5.850889728,0,0,0.24,0
-1.251113576,2.375561613,1,1,0.7,0
2.013387248,4.852054273,0,0,0.06,0
-0.669072739,4.440379315,0,0,0.08,0
0.015579048,5.940088375,0,0,0.18,0
-1.668584074,3.683503175,1,0,0.26,0
1.451143608,5.320036452,1,0,0.36,0
1.503992989,2.53495337,0,1,0.8,0
1.08874862,2.652240071,1,0,0.18,0
-0.288658639,5.286776935,1,0,0.2,0
1.800940433,3.859297267,1,0,0.14,0
0.610585745,2.915911176,0,0,0.26,0
0.472597482,3.938058204,0,1,0.94,1
1.573986763,5.893745002,1,0,0.16,0
0.128104415,1.175490049,0,0,0.18,0
-0.372206776,3.836435933,0,1,0.74,0
-1.418365733,8.060390398,0,0,0.02,0
-0.959439237,8.25833273,1,1,0.9,1
-0.551858146,4.345965365,1,1,0.84,0
-0.079641391,3.020084415,1,0,0.18,0
-1.993735643,6.277320337,1,1,0.86,1
-1.34597968,7.114736611,1,1,0.86,1
1.001046093,2.051735736,1,1,0.9,1
1.677700814,7.014887946,1,0,0.26,0
1.846707326,4.000539648,1,0,0.06,0
-1.987568915,4.09962147,0,0,0.22,0
0.104201104,2.36573616,0,1,0.74,0
1.031844539,8.665114087,0,0,0.16,0
-1.331232954,8.006839657,0,0,0.06,0
-2.073390232,6.164053134,1,1,0.96,1
-1.768439366,8.715404687,1,0,0.22,0
-0.309212376,6.748778361,0,0,0.16,0
0.473592431,6.183628267,0,0,0.18,0
-0.297563503,6.69354155,0,0,0.16,0
-2.198805957,6.910601116,0,1,0.9,1
-1.179039791,6.20618937,1,0,0.22,0
-0.36283856,2.189620306,0,0,0.06,0
-0.294949678,6.471243994,0,1,0.74,0
-0.650642569,2.829698947,0,1,0.84,0
-0.742470586,1.457862894,0,0,0.06,0
-1.407463774,3.274448472,0,0,0.1,0
0.341755976,4.539198572,0,1,0.7,0
1.72754317,1.260516601,1,1,0.96,1
1.382158991,6.016537279,1,0,0.1,0
-0.420186817,6.902898554,0,1,0.88,1
-0.436385891,3.400118987,1,0,0.14,0
-0.24903604,6.44312501,0,0,0.22,0
1.196631487,4.817200885,1,1,0.84,0
0.586364019,3.390067038,0,1,0.92,1
1.148637349,7.662678124,0,0,0.24,0
-0.268888691,6.021584177,0,0,0.22,0
-0.077101709,4.360304953,0,0,0.36,0
-0.846961348,3.206715545,0,1,0.68,0
-1.328186049,4.948851376,1,1,0.82,0
0.399136114,2.20138765,0,1,0.92,1
0.097077549,5.653489529,0,1,0.78,0
0.253739661,7.499009801,1,1,0.84,0
0.040591691,3.646009723,0,0,0.16,0
1.794557864,3.180633166,1,0,0.38,0
-1.801980438,4.318184245,0,0,0.04,0
-0.014452271,6.699223977,1,0,0.26,0
0.051945886,5.839219944,0,1,0.84,0
1.009817089,1.737448369,1,1,0.88,1
-0.083105573,4.346607574,0,1,0.68,0
1.056056809,7.233667551,0,0,0.22,0
-1.382799731,5.680102589,0,0,0.1,0
0.412931454,5.014126317,0,1,0.86,1
0.550052099,6.78590774,1,0,0.22,0
-0.60063869,5.419318831,1,1,0.58,0
0.278994162,3.951103727,1,0,0.2,0
-0.656894279,4.191205154,0,1,0.74,0
-0.131256967,4.200201876,1,1,0.86,1
-1.070084766,2.70461722,0,0,0.1,0
-0.753736164,5.932716749,1,1,0.64,0
0.996047686,5.871950779,0,1,0.68,0
0.552489954,1.233699584,1,1,0.96,1
0.37405657,7.11623665,0,1,0.76,0
-0.077837197,5.791639562,0,1,0.66,0
0.249383684,3.538087449,1,1,0.98,1
1.479944139,3.620544452,0,1,0.84,0
1.443764604,8.042012454,0,1,0.94,1
-1.998200685,6.167088606,1,1,0.92,1
0.399223123,5.907017425,0,1,0.76,0
-0.849844369,4.594038725,0,1,0.88,1
-0.923233246,8.510951397,0,1,0.84,0
-0.024125087,6.780495002,1,1,0.64,0
2.143944089,2.577656141,1,1,0.96,1
0.408252756,6.12576172,1,0,0.28,0
-0.641481595,8.84689159,0,0,0.22,0
-0.643549832,4.528060026,1,1,0.8,0
-0.688150345,2.525146724,0,0,0.18,0
0.444602668,4.562693445,1,0,0.1,0
-1.044809194,1.447976492,0,0,0.12,0
1.281016362,6.528059563,0,1,0.94,1
0.44001445,6.752093585,0,0,0.28,0
1.749576743,5.902450639,0,0,0.1,0
-1.119669895,5.643186423,1,1,0.9,1
0.257550391,4.342763049,1,1,0.78,0
1.661259215,6.758834082,1,1,0.74,0
-1.870791921,6.716902233,0,1,0.9,1
0.56390912,5.31610698,1,0,0.2,0
-0.753964589,2.995565962,1,0,0.1,0
0.820482181,5.28251428,1,1,0.76,0
-0.69190807,-0.982271942,1,0,0.06,0
1.47654035,5.850979866,1,1,0.72,0
0.541462728,5.856633385,0,0,0.28,0
-0.037036797,2.543112337,0,1,0.66,0
-0.528616682,4.776982346,1,0,0.16,0
0.68189149,-0.495009685,0,0,0.12,0
-0.391758149,2.713961376,0,0,0.22,0
-0.623140526,3.90346241,0,0,0.08,0
1.029155637,8.974122223,1,1,0.74,0
0.150301761,6.770462966,0,0,0.12,0
-0.530257618,6.364104131,0,1,0.92,1
-0.252568151,6.360432211,0,0,0.28,0
0.821902504,4.367854288,1,0,0.24,0
1.317597536,0.827044683,1,0,0.18,0
-1.304469501,3.994050459,0,1,0.7,0
-0.469175652,2.100709561,0,0,0.22,0
0.013001892,1.784677946,1,1,0.84,0
1.078680833,3.826937461,1,0,0.2,0
-1.616310608,4.755885736,0,0,0.22,0
0.536652753,6.139520714,1,1,0.74,0
0.677925871,9.330112136,1,1,0.8,0
-0.510016399,0.506221332,0,1,0.7,0
-0.185658977,4.725256423,1,0,0.14,0
0.919076483,8.352786054,0,0,0.32,0
-1.379319228,0.825945963,1,0,0.02,0
1.262584103,1.804801661,0,1,0.8,0
-1.683438192,1.93459888,0,1,0.96,1
0.069802085,6.332625002,0,0,0.24,0
0.208863595,5.784831934,1,0,0.34,0
-0.388518453,5.383154792,1,0,0.18,0
-0.03275327,6.194456437,0,1,0.78,0
-0.653766339,6.141014417,0,0,0.24,0
0.399687952,6.390804949,1,1,0.86,1
-2.423879327,3.307368045,0,0,0.2,0
-1.254289423,7.623967477,0,0,0.28,0
1.665474444,8.108320841,0,1,1,1
0.856398794,5.924345332,0,0,0.06,0
0.194089993,7.591743564,0,0,0.08,0
-0.10703036,3.839893517,1,0,0.04,0
-0.777816688,1.074748617,1,1,0.84,0
-0.575637826,6.259059168,1,0,0.24,0
0.508725023,1.062991573,0,0,0.3,0
-0.645964179,9.099624192,0,1,0.7,0
-0.53975968,3.515031535,1,0,0.08,0
-1.534114171,2.754910388,1,0,0.2,0
0.916327675,4.740965506,0,0,0.06,0
1.453384477,8.408211033,0,1,0.94,1
-1.067532914,5.91561122,0,0,0.06,0
0.109394795,3.531652402,0,0,0.24,0
-0.192360965,6.481648691,1,0,0.18,0
0.115674634,5.681178433,1,0,0.3,0
1.732514999,2.169465616,0,1,0.84,0
-1.430775102,5.540114717,0,0,0.08,0
0.413434903,3.751309221,1,0,0.18,0
-0.168143819,6.899189143,0,1,0.84,0
0.513267433,7.904935069,1,0,0.16,0
-0.637739984,3.784249479,0,1,0.62,0
1.854092566,0.566362321,0,0,0.24,0
-0.620847598,6.096639255,1,0,0.04,0
1.053641797,4.698324577,1,0,0.2,0
-0.875618253,6.580743792,0,0,0.2,0
2.31932954,7.340397418,0,1,0.82,0
-1.975466566,5.950335493,1,0,0.44,0
-0.465729754,3.474550443,0,1,0.7,0
-1.713134529,3.156280374,1,1,0.88,1
2.133033375,4.071191475,1,0,0.12,0
-1.294681476,8.509866143,0,1,0.72,0
-1.334025495,6.424644319,1,1,0.72,0
-0.927353134,3.009703036,1,1,0.72,0
-0.360966166,2.966633743,0,0,0.16,0
-0.654075683,7.505685269,1,0,0.28,0
1.395683811,7.383798669,0,0,0.26,0
0.444263311,6.224937588,0,1,0.74,0
-0.555477119,6.666667824,0,0,0.36,0
0.656553609,6.115382121,1,0,0.24,0
0.648709888,12.85247541,0,1,0.9,1
-0.035641482,5.573911709,0,0,0.26,0
-0.707669466,4.158476413,1,0,0.26,0
-0.147057382,6.150410032,0,0,0.22,0
-0.805870066,4.607438697,1,0,0.22,0
1.047098303,4.586777441,0,0,0,0
0.755391226,5.655759048,0,0,0.26,0
-1.366878698,6.35786258,1,0,0.28,0
0.197910783,7.076757702,1,0,0.28,0
-0.626967058,3.967140712,0,0,0.1,0
0.97519763,0.645869907,1,0,0.16,0
0.122009815,3.391368481,0,1,0.62,0
0.034083468,5.882614303,0,1,0.74,0
0.543298029,7.557731627,0,1,0.6,0
0.39467153,5.263855934,0,0,0.26,0
0.862393472,2.753011934,0,0,0.04,0
0.543360192,10.97051801,1,1,0.76,0
0.067528205,7.721317192,1,0,0.4,0
-0.018513136,4.261445722,1,0,0.3,0
0.393317839,5.268592994,1,0,0.02,0
1.390207549,9.172094099,1,0,0.28,0
-0.903701861,5.357389434,1,0,0.08,0
-0.822220396,6.39765684,1,1,0.76,0
-2.039232178,2.960671323,0,1,0.88,1
1.366874267,2.237910794,0,0,0.2,0
-0.236818607,4.867734771,1,0,0.12,0
0.219150328,5.716907236,0,0,0.02,0
-0.147002002,7.499237811,1,1,0.92,1
0.619154261,3.053242324,1,0,0.2,0
0.197599605,7.651593295,0,0,0.08,0
-0.051393724,2.441938528,0,1,0.96,1
-0.327662147,2.722333764,0,1,0.7,0
1.049552715,7.165382108,0,1,0.62,0
-0.046920579,2.461339007,0,1,0.94,1
0.727629544,4.811082571,0,1,0.72,0
-1.801057734,2.001968079,1,1,0.74,0
1.085895566,8.52237625,1,1,0.78,0
0.326133022,7.163533455,1,1,0.62,0
1.41093238,5.975120594,1,0,0.26,0
1.797686527,5.51550508,1,0,0.18,0
0.232253697,5.461401811,0,0,0,0
0.346488476,6.159714571,1,1,0.78,0
0.709451817,4.637101862,1,0,0.08,0
-0.881874651,4.359404391,0,1,0.7,0
-1.660960934,5.36285324,0,0,0.26,0
0.338496407,5.744210945,0,0,0.08,0
-1.408461296,7.047419092,1,1,0.78,0
-0.718407266,8.334448223,1,1,0.94,1
-0.098889653,2.849375214,0,1,0.64,0
-0.022868062,2.484263688,0,1,0.7,0
0.558326913,4.523779127,0,1,0.76,0
-1.081548004,4.909177564,1,0,0.28,0
-0.420984481,6.848540279,1,0,0.24,0
1.375706813,0.745545159,0,1,0.8,0
1.050654396,8.310814226,1,0,0.34,0
-0.516044728,10.38606733,0,1,0.92,1
-0.238948047,6.097767671,0,1,0.76,0
-0.42688107,5.622617347,1,0,0.3,0
0.747910256,5.448469489,0,1,0.8,0
-0.752156406,3.229502628,0,0,0.24,0
0.468774256,5.62626428,0,1,0.7,0
-0.991392349,6.683967391,0,1,0.82,0
0.429618219,6.190058932,1,0,0.16,0
-0.03471177,4.542800169,0,0,0.22,0
-1.840874231,5.829731001,1,0,0.16,0
0.586693801,6.066718489,1,0,0.2,0
-0.349257704,5.28071974,1,0,0.06,0
-1.344450511,1.592256826,0,1,0.84,0
0.751933033,4.617944475,0,0,0.22,0
0.013929292,2.816132199,1,0,0.26,0
-1.126767469,2.186369981,1,0,0.32,0
-1.654856672,7.143086304,0,1,0.86,1
-0.773009784,7.47162324,1,1,0.64,0
-0.440044487,3.991640338,1,1,0.56,0
0.059218434,6.709050454,0,0,0.22,0
-0.502054224,7.945341352,1,1,0.8,0
2.298898124,4.902205633,1,0,0.18,0
0.285865391,3.322828403,0,0,0.16,0
-0.460638771,5.00041413,1,1,0.76,0
-1.613561398,8.614393287,1,0,0.26,0
-0.132633746,5.848133723,0,0,0.14,0
-2.041734868,6.204236641,0,1,0.82,0
-0.517611299,3.12698725,0,0,0.28,0
0.97255445,1.902763402,1,1,0.9,1
2.145149128,6.442958648,0,0,0.08,0
-0.744902645,5.721295783,1,0,0.26,0
-0.234153375,1.212770666,1,0,0.4,0
-0.646936778,8.775375315,0,0,0.26,0
0.615367484,1.427249069,1,1,0.78,0
-1.024387641,2.857892641,1,1,0.9,1
-0.529052677,6.80803511,0,1,0.92,1
0.708214423,4.594951546,0,0,0.08,0
-0.08912004,6.37941561,0,1,0.84,0
0.05963037,4.172788933,1,1,0.88,1
-0.428115161,6.106080172,1,0,0.1,0
-0.998354041,8.251917831,0,0,0.36,0
-1.87517247,6.172331601,1,0,0.32,0
-0.020901594,8.99133498,1,1,0.8,0
-0.158529573,8.906518275,1,1,0.9,1
-0.803178951,5.246156403,0,0,0.26,0
0.813509636,5.995486178,1,1,0.74,0
0.296984673,1.713622378,0,1,0.86,1
1.594505063,4.778669263,1,1,0.7,0
0.894924377,8.046477243,0,1,0.84,0
0.829405581,10.24158618,1,0,0.26,0
0.324083969,6.650196529,1,1,0.96,1
-0.877982587,5.693419955,1,0,0.28,0
0.018433933,7.022926071,1,0,0.14,0
-0.767797565,4.452013836,0,1,0.66,0
1.039904687,3.07092441,1,0,0.08,0
0.364961002,5.502947218,1,0,0.16,0
1.384272819,4.220152587,1,1,0.86,1
-0.275051697,7.145956096,1,1,0.76,0
-0.681051657,4.862731908,1,1,0.88,1
-1.106525909,7.061161171,0,1,0.92,1
1.237816312,5.138688674,1,0,0.12,0
-0.050238109,6.094529595,0,0,0.26,0
0.096995965,5.879002461,0,0,0.24,0
-1.412303701,2.52148321,1,0,0.2,0
-1.222127809,5.670116058,1,0,0.2,0
-1.22084365,10.51932008,0,1,0.88,1
0.028744823,3.860334144,1,1,0.74,0
-0.429302225,0.848823982,1,0,0.04,0
-0.522860027,4.875991981,0,1,0.88,1
0.919154174,2.785686366,0,0,0.06,0
-0.142379485,6.659464836,0,1,0.9,1
1.07363175,3.562335225,1,1,0.8,0
-0.384555544,6.836908888,0,0,0.4,0
-0.85835778,2.73876933,0,0,0.22,0
-0.107302144,8.229557581,1,1,0.86,1
1.1487657,4.813226282,0,0,0.14,0
1.36414043,5.874626374,1,1,0.76,0
-0.334501236,5.208711875,0,1,0.68,0
0.057013125,6.681468964,1,1,0.82,0
-0.75427585,7.63660465,0,0,0.28,0
0.559790448,4.025594158,0,1,0.86,1
0.070052163,5.643357083,1,1,0.84,0
0.881639757,1.160653688,0,0,0.06,0
0.293072473,2.47967047,0,0,0.26,0
1.32915253,3.782820554,1,0,0.08,0
1.189016531,5.441082854,1,1,0.92,1
0.817766299,5.898947826,1,0,0.3,0
-0.511215676,3.27782418,0,0,0.18,0
0.71299843,5.632311914,0,0,0.26,0
-0.747211679,3.486472046,1,0,0.16,0
-0.351513484,4.53075886,1,0,0.18,0
-1.193925006,6.171808402,0,0,0.14,0
0.314247333,0.992275271,1,0,0.2,0
-0.56629773,7.228643389,0,1,0.96,1
-2.553921135,4.431230701,1,0,0.2,0
-0.309116464,6.108115542,1,1,0.76,0
-0.19490828,9.030550221,0,0,0.2,0
0.377211875,5.429426366,1,0,0.16,0
0.785800159,5.528040163,0,0,0.14,0
0.555604466,3.783546985,0,1,0.64,0
-0.446514952,1.803751296,0,0,0.22,0
0.701172742,4.464717818,0,0,0.1,0
-0.247177383,5.144073723,0,0,0.28,0
1.374438093,3.777229505,0,0,0.14,0
0.168460976,5.014356934,0,0,0.2,0
-0.773789199,3.790510671,0,0,0.06,0
0.625667348,4.61992193,0,1,0.9,1
-0.56018104,3.003878745,1,0,0.12,0
-1.037246154,4.442074139,1,1,0.76,0
0.513105798,6.991163028,0,1,0.74,0
-0.974529305,5.078894096,0,1,0.82,0
0.424061044,4.675752049,0,1,0.96,1
0.75429133,4.057472519,0,1,0.76,0
-0.977555245,0.561399255,1,0,0.06,0
0.953125045,5.485764026,0,1,0.72,0
0.346503882,6.38544551,0,1,0.86,1
0.576556963,4.538267252,1,0,0.02,0
0.473832921,4.364569806,0,1,0.84,0
-1.014756731,7.11745706,0,1,0.96,1
0.440474738,1.239979932,1,1,0.98,1
-1.01283112,4.470970317,1,0,0.28,0
-1.594703067,8.188884783,1,1,0.64,0
0.076821891,5.404657593,1,1,0.82,0
-2.940388635,2.795460519,1,1,0.8,0
0.577072127,2.244764998,1,1,0.82,0
-2.872262213,4.679279838,1,1,0.74,0
0.198084761,5.34367868,0,0,0.26,0
1.080048066,3.104214565,1,0,0.1,0
0.424165946,6.1034816,1,1,0.78,0
-2.121854899,5.746697119,0,0,0.08,0
-0.170184623,3.996431614,0,1,0.62,0
0.44770856,2.787412975,0,0,0.14,0
1.615582824,5.351072459,1,1,0.9,1
-1.237815499,3.037668938,1,1,0.8,0
0.681500697,1.428267016,1,1,0.84,0
-0.447321896,3.331353909,0,0,0.22,0
1.088950597,7.642608065,0,1,0.68,0
-1.150993577,8.601022363,1,1,0.76,0
0.043602446,7.003649707,0,0,0.34,0
-1.380101458,6.652094343,1,0,0.38,0
1.126050251,4.440013396,1,1,0.88,1
0.032004149,6.723272249,0,1,0.66,0
0.679597749,7.01502738,1,1,0.82,0
-1.959670124,3.982072749,0,1,0.74,0
-1.406661097,4.591057558,0,1,0.82,0
0.883659937,0.900117443,0,0,0.06,0
1.200413908,9.542899491,1,1,0.84,0
-0.575818241,4.581372361,1,1,0.84,0
0.871297297,7.436389424,1,1,0.74,0
-0.151273284,1.220701416,1,1,0.82,0
-0.374820808,1.928855754,0,1,0.74,0
0.092844901,2.256513741,0,1,0.6,0
-1.295078772,5.7958541,1,1,0.58,0
-2.172669546,5.562018501,0,0,0.06,0
-0.835347053,3.529393079,1,0,0.3,0
0.981765487,7.657281656,0,1,0.78,0
0.927840128,4.705949153,0,0,0.04,0
1.543243528,9.135812676,0,0,0.38,0
-0.29540141,5.728280592,1,0,0.22,0
-0.668090454,5.677105753,0,0,0.12,0
-0.224855982,4.91021394,0,1,0.96,1
0.938283806,5.367669033,0,1,0.68,0
-0.799192007,5.001365638,0,1,0.84,0
-0.97468167,2.777084086,0,0,0.12,0
0.342725346,6.864383129,0,0,0.24,0
-0.982487394,2.606422707,1,1,0.82,0
1.40934744,6.690315942,1,1,0.8,0
-0.024195606,4.212940288,1,1,0.88,1
0.223787952,3.664440887,0,1,0.72,0
1.57745328,6.5158437,0,1,0.94,1
-0.680024722,5.041772977,0,0,0.28,0
-1.105704668,2.21955615,0,0,0.14,0
-0.611769091,1.337710243,0,0,0.14,0
-0.830950116,2.355084087,1,0,0.2,0
0.964087168,5.886004261,1,1,0.78,0
0.330880232,6.206495001,0,1,0.88,1
0.324359282,7.458429569,0,0,0.06,0
-0.802277269,7.250869569,1,0,0.2,0
-0.651356894,2.71798298,1,0,0.08,0
-1.296831948,8.177253856,1,0,0.3,0
-0.4593609,2.361505611,0,1,0.7,0
0.123204807,6.329405491,1,1,0.96,1
0.125576453,3.794358688,0,1,0.84,0
0.611676289,4.392547942,0,1,0.98,1
0.346448209,8.322940331,1,1,0.9,1
0.046980594,4.456689779,0,1,0.72,0
0.269126941,3.806051427,1,1,0.8,0
0.513785951,5.711226698,1,1,0.84,0
-0.088362959,4.213894486,1,1,0.94,1
0.638730222,5.982415331,1,1,0.7,0
0.546284248,6.385715168,1,1,0.88,1
-0.469474386,6.318491337,0,1,0.84,0
1.735963803,3.832801347,1,1,0.64,0
-1.570876152,7.650864218,1,0,0.22,0
0.771698711,5.634906523,1,1,0.9,1
-0.985726046,4.86564342,1,1,0.66,0
1.032465261,4.975822104,1,0,0.28,0
-0.144087556,3.821456696,1,0,0.14,0
-0.16711808,0.831774121,0,0,0.06,0
-0.303179783,5.290127492,1,1,0.66,0
2.526932426,0.523537533,0,1,0.74,0
-1.009730705,7.292881741,1,0,0.32,0
-0.473839347,5.28609754,1,0,0.1,0
1.345420046,7.82091829,1,0,0.22,0
0.232049937,7.194305424,1,0,0.08,0
0.634721469,3.167358162,0,1,0.86,1
-3.24126734,7.471564384,1,1,0.88,1
-0.334775332,5.843092167,1,1,0.74,0
0.529692754,3.191863421,1,1,0.72,0
0.490974952,2.423384765,1,1,0.82,0
0.25049285,4.648291191,1,1,0.98,1
-1.515191062,3.428027935,1,1,0.92,1
-0.335784699,8.618612699,1,0,0.22,0
-0.626717225,11.30411347,0,1,0.9,1
-1.234348872,1.312412833,0,1,0.72,0
0.086589787,1.828033376,0,0,0.28,0
-0.69242098,4.827860614,0,1,0.84,0
1.565524029,8.156236115,0,1,0.98,1
1.687141635,5.050776841,1,0,0.12,0
0.146793012,5.840383086,1,1,0.8,0
0.281191424,6.216492383,0,1,0.94,1
-1.236950711,1.798192043,0,0,0.34,0
0.409818657,4.719249882,0,1,0.96,1
1.100959635,2.641261757,0,1,0.82,0
0.0052437,3.906639831,1,0,0.24,0
-0.082151178,3.102166958,1,1,0.72,0
-0.209221874,5.486009444,1,0,0.26,0
-0.144360412,6.10650244,0,1,0.74,0
-1.371901143,7.901855097,0,0,0,0
0.213979911,2.524675155,1,1,0.88,1
-0.224765402,4.726009021,1,0,0.12,0
0.473237625,2.152085695,0,1,0.9,1
-1.440050883,3.575652272,0,0,0.14,0
-0.185287659,5.567502047,0,0,0.08,0
-1.778720249,6.794132394,1,0,0.26,0
0.184633859,5.487906396,0,0,0.16,0
-1.351684606,8.14603945,0,0,0.02,0
-0.466036502,9.191687004,0,1,0.8,0
0.425457562,7.544707,1,1,0.86,1
0.153725106,5.038295555,1,1,0.88,1
1.029960818,6.488371421,1,0,0.1,0
1.044160877,5.915373172,0,0,0.12,0
-0.385313597,5.925182586,0,0,0.12,0
0.849602097,3.383468557,1,1,0.58,0
-0.650002581,5.365002061,0,0,0.1,0
-1.594427659,3.556524893,1,1,0.86,1
1.402794311,4.961479241,0,1,0.7,0
-0.662900918,6.660383624,0,1,0.8,0
1.083051243,6.439515884,0,0,0.24,0
-0.209023257,5.313387456,0,0,0.1,0
0.234214733,4.400323607,1,0,0.26,0
-0.474945311,3.202431903,0,1,0.74,0
0.734877786,5.585430964,0,1,0.78,0
-1.830632897,4.103550767,0,0,0.18,0
-0.33381949,4.739879413,0,0,0.28,0
1.899881935,7.704405358,1,0,0.04,0
0.964851633,5.603400018,0,0,0.18,0
-1.323089793,4.250355887,1,0,0.3,0
-0.118068527,3.543845804,1,1,0.82,0
2.05620713,5.505137692,1,1,0.68,0
-0.759132662,5.065593991,1,0,0.18,0
1.612278258,5.554716924,0,1,0.88,1
1.420504248,7.435918305,1,0,0.12,0
0.086143883,4.207540644,0,0,0.2,0
0.081874139,4.505948599,0,1,0.82,0
1.669021525,4.563908209,1,0,0.16,0
-0.138264301,4.710962659,0,0,0.06,0
0.06023021,5.081838351,0,1,0.86,1
0.924027019,6.244139981,1,0,0.18,0
-0.5426738,4.816310471,1,0,0.24,0
0.352055397,6.554814706,1,1,0.92,1
1.187386052,6.56574747,1,1,0.74,0
-0.955122579,4.321755441,1,0,0.14,0
0.280161159,6.072581819,1,0,0.2,0
1.328194142,3.650131962,0,0,0.2,0
-0.250833016,9.093724391,1,0,0.32,0
-0.147602586,2.521894595,0,0,0.08,0
2.492999517,0.024382687,1,0,0.26,0
-1.581190702,6.309951168,0,0,0.12,0
-0.032694748,7.762908157,0,0,0.04,0
1.221033696,6.005489615,1,0,0.2,0
1.189470489,6.903099541,1,1,0.92,1
-0.090533282,4.683692311,1,1,0.84,0
1.672572387,3.237863327,0,1,0.9,1
-1.748531973,4.568780843,1,0,0.14,0
-0.846356655,3.731428305,1,0,0.12,0
1.938928999,4.369826538,0,1,0.86,1
-0.971614039,7.978226217,1,0,0.28,0
-0.543424771,3.103303992,1,1,0.8,0
0.361503525,4.204884469,1,0,0.22,0
0.419019009,3.575558473,0,1,0.88,1
0.194607455,3.480593765,0,1,0.72,0
0.350630099,7.130343931,1,0,0.28,0
-0.310266757,3.765493627,0,1,0.74,0
-0.23093453,5.031236668,1,1,0.78,0
-0.167121714,9.544869441,1,1,0.92,1
-0.4374583,7.772698795,0,0,0.22,0
1.696456368,8.126826718,0,1,0.96,1
2.157308213,5.425148061,0,0,0.12,0
0.708108677,0.695232911,1,1,0.7,0
0.840643549,2.263369922,0,0,0.08,0
-0.12578692,6.395806545,1,1,0.86,1
-0.158007899,5.394584531,0,0,0.1,0
0.028181157,6.064012398,0,1,0.76,0
-1.046910983,5.982858905,0,1,0.72,0
-0.322679839,4.555050206,1,1,0.76,0
0.233785912,5.457992785,0,0,0,0
-0.905732301,9.368193467,0,0,0.3,0
1.227668992,5.73523968,1,1,0.8,0
2.061503577,6.631002045,1,0,0.12,0
1.71170848,2.609412473,1,1,0.96,1
-1.119617433,2.897380177,1,1,0.82,0
-0.607821987,5.624756421,1,0,0.2,0
-0.576510401,3.812377184,0,0,0.04,0
-0.919384592,4.327226109,0,0,0.06,0
0.696954405,3.887762506,0,0,0.12,0
0.452371796,4.92998478,0,1,0.84,0
0.969457201,4.700118562,1,0,0.3,0
1.053152853,3.303142732,1,0,0.1,0
-0.27272357,3.430476184,1,1,0.88,1
2.075260873,2.425672863,0,1,0.72,0
-0.208116857,4.379384589,0,0,0.16,0
-0.487606224,-0.271495478,0,0,0.06,0
-1.129051771,4.395909001,0,0,0.16,0
0.770865194,6.993717547,0,0,0.16,0
1.914031354,1.260367321,1,1,0.92,1
-0.111226061,3.243353846,0,0,0.16,0
0.738810481,1.723941885,1,0,0.26,0
-1.570500604,4.338421551,1,0,0.34,0
-0.763259157,6.843603004,0,1,0.9,1
-0.370614332,4.208638576,0,0,0.24,0
0.835692112,3.580840291,0,0,0.06,0
-1.592993734,1.929919505,0,1,0.92,1
0.998310898,7.383414994,0,0,0.24,0
-0.611517803,5.772646636,1,0,0.12,0
1.775310893,5.987309695,1,1,0.8,0
0.307406698,5.933090623,1,1,0.7,0
-0.756350745,3.900885728,0,0,0.04,0
0.952874547,9.08415208,0,0,0.16,0
-1.463514948,4.848471427,1,1,0.98,1
0.522835488,7.400523499,1,0,0.14,0
-0.326023532,5.510767511,0,0,0.06,0
0.169360824,6.330833647,0,1,0.88,1
-0.624818578,5.087029337,1,0,0.26,0
1.795877673,6.362719021,0,0,0.18,0
0.020793708,5.672289926,0,0,0.36,0
-0.535328186,7.025274819,1,1,0.68,0
0.224684726,2.97880356,0,0,0.14,0
0.507274031,0.73886704,1,0,0.22,0
1.164739354,3.723434547,0,1,0.62,0
0.224451819,3.074534869,1,1,0.94,1
0.515035267,7.968232057,0,1,0.88,1
-1.320233207,2.00694149,0,1,0.78,0
-1.08105654,4.937121659,0,1,0.86,1
-0.176947227,3.725384506,0,0,0.12,0
1.353872374,2.992085256,1,1,0.8,0
-0.03498849,4.932774871,0,0,0.22,0
-1.881849045,3.580422016,1,0,0.18,0
-0.20358036,10.73680611,1,1,0.9,1
0.613517973,3.980386614,1,0,0.24,0
-0.160132796,5.514397941,1,1,0.82,0
-0.259591351,3.304732143,1,1,0.92,1
0.00642227,6.165142638,1,0,0.24,0
0.279968626,4.597016932,1,1,0.68,0
0.075433639,3.373971255,0,0,0.2,0
0.64272276,3.350971677,0,1,0.98,1
0.79426468,4.405035598,0,1,0.74,0
-0.183983336,5.007391344,0,1,0.72,0
0.489374561,6.463741409,0,0,0.28,0
0.005113457,1.892482468,1,0,0.34,0
-0.434496227,4.809071506,0,1,0.84,0
0.67787532,5.658213557,1,1,0.94,1
2.05749547,7.014266673,1,0,0.08,0
-1.067620429,2.400837526,0,0,0.2,0
-1.398567574,4.337383234,0,0,0.08,0
0.477040827,8.405029316,0,1,0.88,1
-0.025554071,3.888906441,1,0,0.24,0
-0.065750261,6.970899371,1,0,0.26,0
0.620672098,5.958883036,0,1,0.78,0
0.35778736,8.60869622,0,1,0.74,0
-0.919424234,4.291918578,1,1,0.74,0
0.395803533,3.581117995,0,1,0.86,1
0.73846658,3.610573738,1,0,0.3,0
-0.483885834,-0.664311196,0,0,0.06,0
-0.730366632,3.630740348,1,0,0.24,0
-1.866536617,1.50472698,1,0,0.28,0
-0.319053936,4.671329588,1,1,0.84,0
2.189802933,4.173069678,0,1,0.92,1
0.280991868,3.804979611,0,1,0.76,0
1.179297184,5.781391842,1,0,0.34,0
0.51390785,6.866256145,0,1,0.74,0
0.491919172,3.14097828,0,0,0.28,0
0.478979826,4.914353237,1,0,0.08,0
-0.226484099,3.068670393,0,1,0.72,0
-1.389572467,4.08181938,1,1,0.82,0
1.030283454,4.886823022,1,1,0.78,0
2.006092888,8.87030808,0,1,0.78,0
-0.054294867,2.188865962,1,1,0.84,0
-0.638961748,-0.813976439,0,0,0.06,0
-0.933267959,5.355500213,1,0,0.02,0
-1.669405281,5.350422838,0,1,0.68,0
0.793488721,4.985910029,1,0,0.14,0
0.812525822,5.530724699,1,1,0.92,1
-1.143726207,7.475307515,0,1,0.74,0
-1.724917833,6.658949684,0,1,0.9,1
0.179894151,6.956844224,0,1,0.8,0
-0.362440941,1.971059382,0,0,0.12,0
0.077368308,4.013754355,1,0,0.24,0
-0.808298285,5.520561013,1,1,0.72,0
-0.072828913,4.466695342,0,1,0.82,0
-0.0960599,3.736844542,1,0,0.1,0
-0.772825215,4.126560528,1,0,0.12,0
0.207687687,3.885153894,1,1,0.76,0
-1.556581899,6.550310988,0,0,0.1,0
-0.016422896,5.584385457,0,1,0.78,0
-0.321385842,5.099547374,1,0,0.28,0
-0.622649362,3.435993015,0,0,0.44,0
-0.056945624,5.247095392,0,1,0.92,1
0.189581617,7.857715416,1,1,0.86,1
-0.692909595,6.045028211,1,0,0.14,0
1.085982116,6.165475166,1,0,0.1,0
-0.651418004,1.961307849,0,0,0.18,0
0.141716914,7.710885602,0,0,0.02,0
-2.703232293,3.828144653,0,0,0.18,0
0.932590832,3.969563212,1,1,0.72,0
-0.792872832,7.974492311,0,1,0.82,0
-0.026521259,0.84437636,0,0,0.04,0
-1.485560373,6.628303524,0,1,0.72,0
-0.80960352,0.607744358,1,0,0.04,0
0.130740577,4.836954654,0,0,0.2,0
-0.281100293,5.154961037,1,1,0.7,0
0.560784526,4.618192417,1,0,0.04,0
0.787084604,5.493009557,0,0,0.2,0
-0.810252437,2.867530136,1,0,0.22,0
-0.778304725,4.029388329,1,0,0.1,0
-0.599375023,5.353641744,1,0,0.16,0
-0.704343691,9.024540891,1,1,0.8,0
0.778361076,7.361281825,1,0,0.24,0
-1.027675141,6.65645938,1,1,0.84,0
-0.751969332,4.348777896,0,0,0.1,0
0.32876241,4.177013711,0,0,0.28,0
-0.408075373,4.183798322,0,1,0.76,0
2.165002345,3.33587739,0,1,0.98,1
-0.573700004,4.073677276,1,1,0.88,1
0.43632367,4.22295845,1,1,0.66,0
0.556230009,4.193848022,0,0,0.42,0
-0.37001103,7.00326365,1,0,0.26,0
0.693105607,2.41298475,0,1,0.72,0
1.108182817,3.54079506,1,1,0.8,0
-0.93782504,5.944812556,1,1,0.62,0
0.822544912,7.120419815,0,0,0.06,0
-1.57022472,4.430249013,0,0,0.08,0
0.048521628,2.297851268,0,0,0.26,0
1.702214945,2.489729256,0,0,0.28,0
-0.887492178,7.307180687,1,1,0.76,0
0.593556722,4.205609368,0,1,0.94,1
0.459972143,1.846007036,1,1,0.84,0
0.968644991,5.600948719,1,1,1,1
-0.973068941,2.289104994,0,1,0.56,0
0.146713686,8.4493933,1,1,0.9,1
1.201213922,3.209307355,0,1,0.96,1
-0.884802714,5.262130372,0,1,0.7,0
-0.727137176,4.487640495,0,1,0.82,0
-0.114736441,6.168825961,0,1,0.82,0
-1.913280245,3.120193798,0,1,0.92,1
0.021003842,5.843173221,1,0,0.26,0
0.756988617,1.246894588,1,1,0.92,1
1.876170839,3.151533711,0,1,0.94,1
-0.290274544,3.10898624,1,0,0.38,0
0.82206016,3.378284978,0,0,0.04,0
-0.04946371,5.591248977,1,1,0.88,1
1.465648769,5.119865261,1,1,0.76,0
-2.696886643,4.258983803,0,1,0.64,0
-0.548724908,6.957779117,0,1,0.94,1
0.088406886,6.000480939,0,1,0.84,0
1.64201516,2.922912358,1,1,0.9,1
-0.488849422,1.336635506,1,0,0.14,0
-0.918651946,3.151068024,0,0,0.08,0
-0.903907641,4.243984202,0,0,0.06,0
-1.072139012,7.136758667,0,1,0.96,1
-0.295480318,5.759279297,1,1,0.68,0
0.871124703,3.149150748,0,0,0.14,0
1.261921501,3.33143638,0,1,0.98,1
-0.240325398,5.93853518,1,1,0.88,1
0.456753219,4.526889426,0,0,0.4,0
-1.514847225,6.17710654,0,0,0.1,0
0.267126651,5.069427498,0,0,0.2,0
-1.889540731,5.211507583,1,1,0.68,0
-0.184902136,7.657866639,1,1,0.82,0
0.592526949,4.286653732,1,1,0.76,0
-0.241257655,5.615225336,0,0,0.1,0
0.270456826,5.963732123,0,0,0.32,0
-0.321635051,1.065860593,1,1,0.82,0
1.644967714,5.607637191,0,1,0.9,1
0.4288165,5.1425075,0,0,0.32,0
-0.832355573,3.564162219,1,1,0.84,0
-0.755382932,2.697971833,0,1,0.74,0
2.122156197,2.09764862,0,0,0.18,0
-0.2257763,5.554753876,1,1,0.72,0
-0.302469686,4.70206138,1,1,0.8,0
-1.197877893,5.944004542,0,0,0.02,0
-0.989628137,3.439601742,1,0,0.18,0
0.199059696,6.358746566,0,1,0.94,1
1.117295832,8.494726396,0,0,0.14,0
1.247742073,8.563597818,1,1,0.84,0
0.150393786,3.483009331,1,1,0.88,1
-0.309172123,1.447507333,0,0,0.12,0
1.607345576,2.447391167,0,1,0.82,0
-0.121747508,5.950861365,0,1,0.7,0
-0.506943175,3.947930315,0,0,0.04,0
1.812448558,4.607066833,0,0,0.04,0
-0.213442871,8.179677956,1,0,0.28,0
1.187679388,3.298929443,0,1,0.98,1
-1.550663431,5.876951478,1,1,0.74,0
0.201159656,5.529550622,1,1,0.82,0
-0.798297245,5.916773407,1,0,0.22,0
-1.143004913,4.283941241,0,0,0.16,0
-1.34712629,6.011178484,0,1,0.7,0
0.32875111,4.704439362,1,0,0.2,0
1.726963851,4.277378876,0,1,0.88,1
-0.012246773,4.412066105,0,0,0.16,0
0.568983079,5.36942095,1,1,0.64,0
0.6141667,3.473427792,0,1,0.96,1
-0.909387455,6.569208576,1,0,0.36,0
2.062524919,4.75253464,0,0,0.04,0
-0.1726273,6.429219581,0,1,0.78,0
-0.935438702,3.755930389,0,0,0.1,0
-0.08071658,7.558929863,1,1,0.94,1
0.321357215,4.821531692,1,0,0.12,0
0.081829359,2.585956704,0,0,0.12,0
0.202923021,3.937571411,0,1,0.84,0
0.673181351,2.656691305,1,1,0.7,0
0.302635465,1.181287825,1,1,0.78,0
